{"cameraMode":{"drawMode":0,"name":"Shaded","section":"Shading Mode"},"sceneLighting":false,"audioPlay":false,"sceneViewState":{"m_AlwaysRefresh":false,"showFog":true,"showSkybox":true,"showFlares":true,"showImageEffects":true,"showParticleSystems":true,"showVisualEffectGraphs":true,"m_FxEnabled":true},"in2DMode":false,"pivot":{"x":122.50765991210938,"y":-170.4942169189453,"z":2.3240203857421877},"rotation":{"x":0.49904510378837588,"y":0.2531983256340027,"z":-0.15515919029712678,"w":0.8141279220581055},"size":96.84764099121094,"orthographic":true}